{"aclItemList":[{"guid":"3479c6cb-6a4b-43a2-9b6b-f3411d7cb2af","type":"FEED","authorizationList":[{"ownerId":"Administrator","ownerName":"name","ownerType":"USER","dataGuid":"3479c6cb-6a4b-43a2-9b6b-f3411d7cb2af","dataType":"FEED","accessRight":"EDIT"},{"ownerId":"Administrator","ownerName":"name","ownerType":"USER","dataGuid":"3479c6cb-6a4b-43a2-9b6b-f3411d7cb2af","dataType":"FEED","accessRight":"VIEW"}],"attributeMap":{"GRANTTOCOPY":"false","GRANTTOVIEW":"false"}}],"fullReadAccessGranted":false,"fullWriteAccessGranted":false}