{"calculationMetaInfo":{"name":"DataFeed_JDBCDriver","type":"FEED","description":"","tags":[],"images":{},"changeDate":1522318395137,"searchRelevant":true,"ratingCount":0,"ratingAverage":0.0,"guid":"3479c6cb-6a4b-43a2-9b6b-f3411d7cb2af","author":"Administrator"},"calculationResultColumns":[{"name":"EventKind","type":"TEXT","idx":0},{"name":"EventTime","type":"DATE","idx":1},{"name":"Id","type":"TEXT","idx":2},{"name":"Name","type":"TEXT","idx":3},{"name":"Value","type":"NUMERIC","idx":4}],"calculationInputs":[{"index":0,"name":"Id","type":"TEXT","guid":"1522316550386"}],"presetInputs":[],"includedFeeds":[],"revision":2,"calculationDefinition":{"operators":[{"position":[235,0.5],"type":"namedParameterJdbcConnectorOperator","id":"1522316550377","refreshInterval":12,"refreshIntervalScale":"HOUR","columnInfos":[{"type":"TEXT","originalName":"EventKind","idx":0,"originalDataType":"TEXT","guessType":true},{"type":"DATE","originalName":"EventTime","idx":1,"originalDataType":"DATE","guessType":true},{"type":"TEXT","originalName":"Id","idx":2,"originalDataType":"TEXT","guessType":true},{"type":"TEXT","originalName":"Name","idx":3,"originalDataType":"TEXT","guessType":true},{"type":"TEXT","originalName":"Value","idx":4,"originalDataType":"TEXT","guessType":true}],"unusedColumnInfos":[],"dataSourceAlias":"EventStore","userName":"","password":"","withoutauthentication":false,"dynSqlStatement":{"value":"select * from HelloEvents_ThingEvent where Id = :Id","type":"TEXT","untrimmed":null,"idx":-1},"resourceLocationType":"FILESYSTEM"},{"position":[235,258.5],"type":"changeColumnTypeOperator","id":"1522316550379","inputOperatorId":"1522316550377","columns":[{"name":"EventKind","type":"TEXT","idx":0},{"name":"EventTime","type":"DATE","idx":1},{"name":"Id","type":"TEXT","idx":2},{"name":"Name","type":"TEXT","idx":3},{"name":"Value","type":"TEXT","idx":4}],"changeColumnTypeParams":[{"columnName":"Value","newType":"NUMERIC","pattern":"PERIOD","locale":"en"}]},{"position":[611,47.5],"type":"userInputOperator","id":"1522316550386","dataType":"TEXT","name":"Id","debugValue":{"value":"125","type":"text"},"defaultValue":{"value":"125","type":"text"}}],"outputOperator":{"position":[329,423],"type":"outputOperator","id":"output_1522316550376","inputOperatorId":"1522316550379","columns":[]},"id":"3479c6cb-6a4b-43a2-9b6b-f3411d7cb2af"}}