{"aclItemList":[{"guid":"777b28ae-71ae-4977-9a97-c4d11570a714","type":"FEED","authorizationList":[{"ownerId":"Administrator","ownerName":"name","ownerType":"USER","dataGuid":"777b28ae-71ae-4977-9a97-c4d11570a714","dataType":"FEED","accessRight":"EDIT"},{"ownerId":"Administrator","ownerName":"name","ownerType":"USER","dataGuid":"777b28ae-71ae-4977-9a97-c4d11570a714","dataType":"FEED","accessRight":"VIEW"}],"attributeMap":{"GRANTTOCOPY":"false","GRANTTOVIEW":"false"}}],"fullReadAccessGranted":false,"fullWriteAccessGranted":false}