{"calculationMetaInfo":{"name":"TerracottaDB DataFeed","type":"FEED","description":"","tags":[],"images":{},"changeDate":1522316822987,"searchRelevant":true,"ratingCount":0,"ratingAverage":0.0,"guid":"777b28ae-71ae-4977-9a97-c4d11570a714","author":"Administrator"},"calculationResultColumns":[{"name":"RecordKey","type":"TEXT","idx":0},{"name":"Id","type":"TEXT","idx":1},{"name":"Name","type":"TEXT","idx":2},{"name":"Value","type":"NUMERIC","idx":3}],"calculationInputs":[{"index":0,"name":"Id","type":"TEXT","guid":"1522316550373"}],"presetInputs":[],"includedFeeds":[],"revision":2,"calculationDefinition":{"operators":[{"position":[470,164.5],"type":"tcstoreSourceConnectorOperator","id":"1522316550370","refreshInterval":12,"refreshIntervalScale":"HOUR","columnInfos":[{"type":"TEXT","originalName":"RecordKey","idx":0,"originalDataType":"TEXT","guessType":true},{"type":"TEXT","originalName":"Id","idx":1,"originalDataType":"TEXT","guessType":true},{"type":"TEXT","originalName":"Name","idx":2,"originalDataType":"TEXT","guessType":true},{"type":"NUMERIC","originalName":"Value","idx":3,"originalDataType":"NUMERIC","guessType":true}],"unusedColumnInfos":[],"dataSourceAlias":"ThingStore.Things","storeName":"Things","unusedColumnConfig":[],"dynSqlStatement":{"value":"SELECT * FROM Things where Id = :Id","type":"TEXT","untrimmed":null,"idx":-1},"sampleSize":1000,"resourceLocationType":"FILESYSTEM","columnConfig":[{"name":"RecordKey","tcStoreType":"STRING","derivedColumn":true,"keyColumn":true},{"name":"Id","tcStoreType":"STRING","derivedColumn":true,"keyColumn":false},{"name":"Name","tcStoreType":"STRING","derivedColumn":true,"keyColumn":false},{"name":"Value","tcStoreType":"LONG","derivedColumn":true,"keyColumn":false}],"keyType":"STRING"},{"position":[846,211.5],"type":"userInputOperator","id":"1522316550373","dataType":"TEXT","name":"Id","debugValue":{"value":"111","type":"text"},"defaultValue":{"value":"111","type":"text"}}],"outputOperator":{"position":[564,423],"type":"outputOperator","id":"output_1522316550369","inputOperatorId":"1522316550370","columns":[]},"id":"777b28ae-71ae-4977-9a97-c4d11570a714"}}