{"availability":"AVAILABLE","name":"EventStore","jdbcDriverName":"EventStore","jdbcUrl":"jdbc:evp:elasticsearch:2.3.2://localhost:9340/SAG_EventDataStore/default_index?installDir=C:\\Users\\Administrator\\Desktop\\HelloDBP\\SoftwareAG101New\\common\\EventPersistence\\JDBC","userId":"","password":"","validationQuery":"","timeBetweenEvictionRunsMillis":-1,"numTestsPerEvictionRun":3,"minEvictableIdleTimeMillis":1800000,"maxActive":8,"maxIdle":8,"maxWait":-1,"minIdle":0,"initialSize":0,"poolPreparedStatementsEnabled":false}