{"aclItemList":[{"guid":"c87fbb72-5dc8-4f14-a2d1-8ecd6a4b6b9a","type":"FEED","authorizationList":[{"ownerId":"Administrator","ownerName":"name","ownerType":"USER","dataGuid":"c87fbb72-5dc8-4f14-a2d1-8ecd6a4b6b9a","dataType":"FEED","accessRight":"EDIT"},{"ownerId":"Administrator","ownerName":"name","ownerType":"USER","dataGuid":"c87fbb72-5dc8-4f14-a2d1-8ecd6a4b6b9a","dataType":"FEED","accessRight":"VIEW"}],"attributeMap":{"GRANTTOCOPY":"false","GRANTTOVIEW":"false"}}],"fullReadAccessGranted":false,"fullWriteAccessGranted":false}