{"calculationMetaInfo":{"name":"ThingAlertsFeed","type":"FEED","description":"","tags":[],"images":{},"changeDate":1522316638623,"searchRelevant":true,"ratingCount":0,"ratingAverage":0.0,"guid":"c87fbb72-5dc8-4f14-a2d1-8ecd6a4b6b9a","author":"Administrator"},"calculationResultColumns":[{"name":"Id","type":"TEXT","idx":0},{"name":"Alert","type":"TEXT","idx":1},{"name":"Time","type":"DATE","idx":2}],"calculationInputs":[],"presetInputs":[],"includedFeeds":[],"revision":3,"calculationDefinition":{"id":"c87fbb72-5dc8-4f14-a2d1-8ecd6a4b6b9a","operators":[{"position":[188,0.5],"type":"rtbsConnectorOperator","id":"1522302728495","refreshInterval":1,"refreshIntervalScale":"SECOND","columnInfos":[{"type":"TEXT","originalName":"Id","idx":0,"originalDataType":"TEXT","guessType":true},{"type":"TEXT","originalName":"Alert","idx":1,"originalDataType":"TEXT","guessType":true},{"type":"DATE","originalName":"Time","idx":2,"originalDataType":"DATE","guessType":true},{"type":"TEXT","originalName":"_guid","idx":3,"originalDataType":"TEXT","guessType":true},{"type":"TEXT","originalName":"_isData","idx":4,"originalDataType":"TEXT","guessType":true}],"unusedColumnInfos":[],"rtbsSourceAlias":"ThingAlerts","resourceLocationType":"URL"},{"position":[188,141.5],"type":"shiftDateOperator","id":"1522302728498","inputOperatorId":"1522302728495","columns":[{"name":"Id","type":"TEXT","idx":0},{"name":"Alert","type":"TEXT","idx":1},{"name":"Time","type":"DATE","idx":2},{"name":"_guid","type":"TEXT","idx":3},{"name":"_isData","type":"TEXT","idx":4}],"shiftUnit":"HOUR","shiftAmount":{"value":"5","type":"NUMERIC","idx":0},"shiftDirection":"PLUS","targetColumnName":"Time","sourceColumnName":"Time"},{"position":[658,117.5],"type":"shiftDateOperator","id":"1522302728507","inputOperatorId":"1522302728498","columns":[{"name":"Id","type":"TEXT","idx":0},{"name":"Alert","type":"TEXT","idx":1},{"name":"Time","type":"DATE","idx":2},{"name":"_guid","type":"TEXT","idx":3},{"name":"_isData","type":"TEXT","idx":4}],"shiftUnit":"MINUTE","shiftAmount":{"value":"30","type":"NUMERIC","idx":0},"shiftDirection":"PLUS","targetColumnName":"Time","sourceColumnName":"Time"},{"position":[658,470.5],"type":"deleteColumnOperator","id":"1522302728512","inputOperatorId":"1522302728513","columns":[{"name":"Id","type":"TEXT","idx":0},{"name":"Alert","type":"TEXT","idx":1},{"name":"Time","type":"DATE","idx":2},{"name":"_isData","type":"TEXT","idx":3}],"editColumnParams":[{"action":"DELETE","columnName":"_isData","idx":0}]},{"position":[658,329.5],"type":"deleteColumnOperator","id":"1522302728513","inputOperatorId":"1522302728507","columns":[{"name":"Id","type":"TEXT","idx":0},{"name":"Alert","type":"TEXT","idx":1},{"name":"Time","type":"DATE","idx":2},{"name":"_guid","type":"TEXT","idx":3},{"name":"_isData","type":"TEXT","idx":4}],"editColumnParams":[{"action":"DELETE","columnName":"_guid","idx":0}]}],"outputOperator":{"position":[752,635],"type":"outputOperator","id":"output_1522302728494","inputOperatorId":"1522302728512","columns":[]}}}