{"aclItemList":[{"guid":"dcd53472-f31b-498b-94fa-ea30315ce5a6","type":"FEED","authorizationList":[{"ownerId":"Administrator","ownerName":"name","ownerType":"USER","dataGuid":"dcd53472-f31b-498b-94fa-ea30315ce5a6","dataType":"FEED","accessRight":"EDIT"},{"ownerId":"Administrator","ownerName":"name","ownerType":"USER","dataGuid":"dcd53472-f31b-498b-94fa-ea30315ce5a6","dataType":"FEED","accessRight":"VIEW"}],"attributeMap":{"GRANTTOCOPY":"false","GRANTTOVIEW":"false"}}],"fullReadAccessGranted":false,"fullWriteAccessGranted":false}