{"calculationMetaInfo":{"name":"ThingEventsFeed","type":"FEED","description":"","tags":[],"images":{},"changeDate":1522303537491,"searchRelevant":true,"ratingCount":0,"ratingAverage":0.0,"guid":"dcd53472-f31b-498b-94fa-ea30315ce5a6","author":"Administrator"},"calculationResultColumns":[{"name":"EventKind","type":"TEXT","idx":0},{"name":"EventTime","type":"DATE","idx":1},{"name":"Id","type":"TEXT","idx":2},{"name":"Name","type":"TEXT","idx":3},{"name":"Value","type":"NUMERIC","idx":4}],"calculationInputs":[],"presetInputs":[],"includedFeeds":[],"revision":3,"calculationDefinition":{"operators":[{"position":[141,0.5],"type":"rtbsConnectorOperator","id":"1522302728456","refreshInterval":1,"refreshIntervalScale":"SECOND","columnInfos":[{"type":"TEXT","originalName":"EventKind","idx":0,"originalDataType":"TEXT","guessType":true},{"type":"DATE","originalName":"EventTime","idx":1,"originalDataType":"DATE","guessType":true},{"type":"TEXT","originalName":"Id","idx":2,"originalDataType":"TEXT","guessType":true},{"type":"TEXT","originalName":"Name","idx":3,"originalDataType":"TEXT","guessType":true},{"type":"NUMERIC","originalName":"Value","idx":4,"originalDataType":"NUMERIC","guessType":true},{"type":"TEXT","originalName":"_guid","idx":5,"originalDataType":"TEXT","guessType":true},{"type":"TEXT","originalName":"_isData","idx":6,"originalDataType":"TEXT","guessType":true}],"unusedColumnInfos":[],"rtbsSourceAlias":"ThingEvents","resourceLocationType":"URL"},{"position":[141,141.5],"type":"shiftDateOperator","id":"1522302728460","inputOperatorId":"1522302728456","columns":[{"name":"EventKind","type":"TEXT","idx":0},{"name":"EventTime","type":"DATE","idx":1},{"name":"Id","type":"TEXT","idx":2},{"name":"Name","type":"TEXT","idx":3},{"name":"Value","type":"NUMERIC","idx":4},{"name":"_guid","type":"TEXT","idx":5},{"name":"_isData","type":"TEXT","idx":6}],"shiftUnit":"HOUR","shiftAmount":{"value":"5","type":"NUMERIC","idx":0},"shiftDirection":"PLUS","targetColumnName":"EventTime","sourceColumnName":"EventTime"},{"position":[564,141.5],"type":"shiftDateOperator","id":"1522302728471","inputOperatorId":"1522302728460","columns":[{"name":"EventKind","type":"TEXT","idx":0},{"name":"EventTime","type":"DATE","idx":1},{"name":"Id","type":"TEXT","idx":2},{"name":"Name","type":"TEXT","idx":3},{"name":"Value","type":"NUMERIC","idx":4},{"name":"_guid","type":"TEXT","idx":5},{"name":"_isData","type":"TEXT","idx":6}],"shiftUnit":"MINUTE","shiftAmount":{"value":"30","type":"NUMERIC","idx":0},"shiftDirection":"PLUS","targetColumnName":"EventTime","sourceColumnName":"EventTime"},{"position":[564,329.5],"type":"deleteColumnOperator","id":"1522302728478","inputOperatorId":"1522302728471","columns":[{"name":"EventKind","type":"TEXT","idx":0},{"name":"EventTime","type":"DATE","idx":1},{"name":"Id","type":"TEXT","idx":2},{"name":"Name","type":"TEXT","idx":3},{"name":"Value","type":"NUMERIC","idx":4},{"name":"_guid","type":"TEXT","idx":5},{"name":"_isData","type":"TEXT","idx":6}],"editColumnParams":[{"action":"DELETE","idx":0,"columnName":"_guid"}]},{"position":[564,494],"type":"deleteColumnOperator","id":"1522302728485","inputOperatorId":"1522302728478","columns":[{"name":"EventKind","type":"TEXT","idx":0},{"name":"EventTime","type":"DATE","idx":1},{"name":"Id","type":"TEXT","idx":2},{"name":"Name","type":"TEXT","idx":3},{"name":"Value","type":"NUMERIC","idx":4},{"name":"_isData","type":"TEXT","idx":5}],"editColumnParams":[{"action":"DELETE","idx":0,"columnName":"_isData"}]}],"outputOperator":{"position":[658,705],"type":"outputOperator","id":"output_1522302728455","inputOperatorId":"1522302728485","columns":[]},"id":"dcd53472-f31b-498b-94fa-ea30315ce5a6"}}