{"type":"RTBUFFER","bufferType":"DES","status":"ACTIVE","startOnServerBoot":"true","bufferConfig":{"strategy":"BUFFER","capacity":"10","dimensionSqueezeout":"false","dimensionCount":"1","validityCheck":"","dimensionId":"","filterHeartbeats":"","groupFields":{"schemaAttributes":[]},"includeDimension":"false"},"eventSchemaLocation":{"qname":"HelloEvents.ThingAlert"},"jmsConfig":{"edaoConfigName":"desdefault","topic":"","filterPredicates":""},"apamaSettings":{"apamaResourceAliasDefinitionName":"","apamaScenario":""},"authenticationPassword":"","storageModel":"INMEMORY","pushSettings":{"name":"DEFAULT","throttlingType":"BY_TIME","throttlingMeasure":500,"hasThrottlingException":false,"throttlingExceptionType":"BY_TIME","throttlingExceptionMeasure":1,"pushSetType":"DATA_SET","purgeAfterPush":false},"statusForCastor":"ACTIVE","bufferTypeForCastor":"DES","storageModelForCastor":"INMEMORY","name":"ThingAlerts"}